snapshot_ts,stop_id,route_id,route_short_name,trip_id,vehicle_id,scheduled_arrival_ts,predicted_arrival_ts,status
1772899029,1_30790,1_100249,60,1_649667999,1_7028,1772899011,1772899086,default
1772899029,1_575,1_102576,C Line,1_774755919,1_6255,1772898720,1772899112,default
1772899029,1_13830,1_102581,D Line,1_581418329,1_6070,1772899109,1772899103,default
1772899029,1_2850,1_100089,2,1_768041159,1_7115,1772899920,1772898866,default
1772899029,1_2850,1_100089,2,1_768041159,1_7975167,1772899920,1772899920,default
1772899029,1_46505,1_102619,F Line,1_656275439,1_6242,1772899140,1772899140,default
1772899029,1_46505,1_102619,F Line,1_656275439,1_7975757,1772899140,1772899140,default
1772899029,1_46505,1_102619,F Line,1_656274669,1_7975733,1772900040,1772900040,default
1772899029,1_52306,1_102719,161,1_771032129,1_7975811,1772899380,1772899380,default
1772899029,1_52306,1_102619,F Line,1_635422829,1_7975734,1772899500,1772899500,default
1772899029,1_52306,1_102619,F Line,1_635423649,1_7975737,1772900400,1772900400,default
1772899029,1_52306,1_102719,161,1_694459729,1_7975807,1772901180,1772901180,default
1772899029,1_65092,1_100162,271,1_720941479,1_7976240,1772900940,1772900940,default
1772899029,1_57791,1_102718,184,1_664525569,1_7130,1772988037,1772987653,default
1772899029,1_10640,1_100252,62,1_759774139,1_8029,1772987760,1772986953,default
1772987700,1_8310,1_100263,7,1_650211989,1_8223,1772987751,1772987636,default
1772987700,1_52638,40_574,574,40_346010,40_9735,1772987586,1772987719,default
1772987700,1_60161,1_100042,148,1_762160609,1_3714,1772988420,1772987046,default
1772987700,1_575,1_102615,E Line,1_768658929,1_6055,1772987700,1772987766,default
1772987700,1_2850,1_100089,2,1_540519689,1_7126,1772988120,1772987266,default
1772987700,1_46505,1_102619,F Line,1_635484709,1_8003971,1772988240,1772988240,default
1772987700,1_46505,1_102619,F Line,1_635485749,1_8003967,1772989140,1772989140,default
1772987700,1_52306,1_102719,161,1_694487749,1_8004038,1772988480,1772988480,default
1772987700,1_52306,1_102619,F Line,1_635484469,1_8003970,1772988600,1772988600,default
1772987700,1_99254,40_594,594,40_2324010,40_9714,1772987836,1772987917,default
1772987700,1_2200,1_102581,D Line,1_761098039,1_6060,1772987905,1772987959,default
1772987700,1_59282,1_102717,165,1_664525389,1_7473,1772988180,1772985548,default
1772987700,1_57791,1_102718,184,1_664525569,1_8004073,1772988037,1772987633,default
1772987700,1_620,40_100239,550,40_561778179,40_8004701,1772988300,1772988334,default
1772987700,1_71960,40_100511,542,40_597736229,40_8004690,1772988360,1772988360,default
1772987700,1_10640,1_100252,62,1_759774149,1_8022,1772988660,1772987709,default
1772987700,1_76310,1_102705,230,1_664275769,1_7243,1772987907,1772988036,default
1772988000,1_60161,1_100042,148,1_762160609,1_3714,1772988420,1772987046,default
1772988000,1_970,40_594,594,40_1375010,40_61406,1772988510,1772988090,default
1772988000,1_2850,1_100089,2,1_540519689,1_7126,1772988120,1772987266,default
1772988000,1_46505,1_102619,F Line,1_635484709,1_8003971,1772988240,1772988240,default
1772988000,1_46505,1_102619,F Line,1_635485749,1_8003967,1772989140,1772989140,default
1772988000,1_52306,1_102719,161,1_694487749,1_8004038,1772988480,1772988480,default
1772988000,1_52306,1_102619,F Line,1_635484469,1_8003970,1772988600,1772988600,default
1772988000,1_620,40_594,594,40_2324010,40_9714,1772988180,1772988303,default
1772988000,1_10912,1_100264,70,1_664213939,1_8002441,1772988303,1772988193,default
1772988000,1_10912,1_100162,271,1_581655879,1_8004486,1772990400,1772990400,default
1772988000,1_71960,40_100511,542,40_597736229,40_8004690,1772988360,1772988360,default
1772988000,1_81982,1_102746,333,1_778673009,1_8003435,1772988279,1772988279,default
1772988000,1_10640,1_100252,62,1_759774149,1_8022,1772988660,1772987709,default
1772988000,1_18550,1_100252,62,1_759774769,1_8053,1772988439,1772988261,default
1772988300,1_60161,1_100042,148,1_762160609,1_3714,1772988420,1772987046,default
1772988300,1_320,40_594,594,40_1375010,40_61406,1772988780,1772988360,default
1772988300,1_46505,1_102619,F Line,1_635485749,1_8003967,1772989140,1772989140,default
1772988300,1_27420,1_100249,60,1_694001409,1_7035,1772988456,1772988415,default
1772988300,1_11569,1_100002,10,1_675380749,1_7006,1772988467,1772988445,default
1772988300,1_74442,1_100146,255,1_547599599,1_6890,1772988504,1772988387,default
1772988300,1_52306,1_102719,161,1_694487749,1_8004038,1772988480,1772988480,default
1772988300,1_52306,1_102619,F Line,1_635484469,1_8003970,1772988600,1772988600,default
1772988300,1_52306,1_102619,F Line,1_635485959,1_8003974,1772989500,1772989500,default
1772988300,1_8530,1_100005,106,1_762173209,1_7333,1772988561,1772988448,default
1772988300,1_54201,1_102619,F Line,1_635485479,1_6010,1772988449,1772988513,default
1772988300,1_620,40_100239,550,40_630434139,40_9570,1772989200,1772989082,default
1772988300,1_10912,40_100511,542,40_569541869,40_8004689,1772989500,1772989500,default
1772988300,1_10912,1_100162,271,1_581655879,1_8004486,1772990400,1772990400,default
1772988300,1_10640,1_100252,62,1_759774149,1_8022,1772988660,1772987709,default
1772988600,1_481,1_102736,H Line,1_636333049,1_6059,1772988600,1772988613,default
1772988600,1_12770,1_100228,48,1_770757409,1_8018,1772988387,1772988663,default
1772988600,1_75890,1_102615,E Line,1_585648859,1_6221,1772988745,1772988570,default
1772988600,1_575,1_100028,13,1_559625569,1_7138,1772988300,1772988658,default
1772988600,1_2850,1_100089,2,1_540519679,1_7033,1772989920,1772988551,default
1772988600,1_77910,1_102746,333,1_778673639,1_7238,1772988667,1772988669,default
1772988600,1_46505,1_102619,F Line,1_635485749,1_8003967,1772989140,1772989140,default
1772988600,1_1190,40_100239,550,40_561778179,40_8004701,1772988709,1772988680,default
1772988600,1_84810,1_102752,223,1_825176879,1_7241,1772988594,1772988772,default
1772988600,1_85350,1_102701,225,1_694327309,1_7227,1772988823,1772988683,default
1772988600,1_52306,1_102619,F Line,1_635485959,1_8003974,1772989500,1772989500,default
1772988600,1_80121,1_102719,161,1_694486819,1_7110,1772988154,1772988764,default
1772988600,1_43782,1_100275,8,1_732393139,1_8035,1772988802,1772988790,default
1772988600,1_59282,1_100072,181,1_721611979,1_8003987,1772989680,1772989680,default
1772988600,1_9060,1_100263,7,1_650211069,1_8217,1772988849,1772988781,default
1772988600,1_9080,1_100263,7,1_650211069,1_8217,1772988892,1772988812,default
1772988600,1_620,40_100239,550,40_630434139,40_9570,1772989200,1772988957,default
1772988600,1_10912,40_100511,542,40_569541869,40_8004689,1772989500,1772989500,default
1772988600,1_10912,1_100162,271,1_581655879,1_8004486,1772990400,1772990400,default
1772988600,1_10640,1_100252,62,1_759774159,1_8063,1772989560,1772988642,default
1772988600,1_10640,1_100252,62,1_759774159,1_8002755,1772989560,1772989560,default
1772988900,1_76317,1_102702,239,1_466967279,1_3719,1772989040,1772988891,default
1772988900,1_320,40_100239,550,40_630433859,40_9574,1772989020,1772989020,default
1772988900,1_575,1_102576,C Line,1_774719029,1_6263,1772988840,1772989016,default
1772988900,1_2850,1_100089,2,1_540519679,1_7033,1772989920,1772988551,default
1772988900,1_46505,1_102619,F Line,1_635485749,1_8003967,1772989140,1772989140,default
1772988900,1_46505,1_102619,F Line,1_635483849,1_8003968,1772990040,1772990040,default
1772988900,1_52306,1_102619,F Line,1_635485959,1_8003974,1772989500,1772989500,default
1772988900,1_52306,1_102719,161,1_694486849,1_8003966,1772990340,1772990340,default
1772988900,1_57804,1_100072,181,1_721611989,1_7071,1772989109,1772989245,default
1772988900,1_59282,1_100072,181,1_721611979,1_7468,1772989680,1772988892,default
1772988900,1_59282,1_100072,181,1_721611979,1_8003987,1772989680,1772989680,default
1772988900,1_60640,1_102757,187,1_762147589,1_7441,1772989184,1772989130,default
1772988900,1_620,40_100240,554,40_774846579,40_9662,1772989260,1772989452,default
1772988900,1_10912,1_100447,49,1_650207849,1_8002450,1772989170,1772989197,default
1772988900,1_10912,40_100511,542,40_569541869,40_8004689,1772989500,1772989500,default
1772988900,1_10912,1_100162,271,1_581655879,1_8004486,1772990400,1772990400,default
1772988900,1_71960,1_102752,223,1_766557379,1_8004512,1772989260,1772989260,default
1772988900,1_81982,1_102746,333,1_778673019,1_8003433,1772989179,1772989206,default
1772988900,1_10640,1_100252,62,1_759774159,1_8063,1772989560,1772988642,default
1772988900,1_76310,40_100232,522,40_635852839,40_9659,1772989095,1772989221,default
1772989200,1_46791,1_100016,118,1_656293779,1_3753,1772989080,1772989368,default
1772989200,1_12770,1_100228,48,1_770757419,1_8079,1772989287,1772989251,default
1772989200,1_75890,1_102615,E Line,1_768670839,1_6117,1772989345,1772989222,default
1772989200,1_2850,1_100089,2,1_540519679,1_7033,1772989920,1772988551,default
1772989200,1_46505,1_102619,F Line,1_635483849,1_8003968,1772990040,1772990040,default
1772989200,1_52306,1_102619,F Line,1_635485959,1_8003974,1772989500,1772989500,default
1772989200,1_52306,1_102719,161,1_694486849,1_8003966,1772990340,1772990340,default
1772989200,1_52306,1_102619,F Line,1_635484179,1_8003969,1772990400,1772990400,default
1772989200,1_8530,1_100039,14,1_727454959,1_8003153,1772989211,1772989390,default
1772989200,1_58112,1_100045,150,1_771058159,1_8178,1772989387,1772989341,default
1772989200,1_59282,1_100072,181,1_721611979,1_7468,1772989680,1772988892,default
1772989200,1_59282,1_102717,165,1_664525369,1_8004005,1772991840,1772991840,default
1772989200,1_70330,1_100146,255,1_547599659,1_6915,1772989418,1772989369,default
1772989200,1_620,40_100240,554,40_774846579,40_9662,1772989260,1772989465,default
1772989200,1_10912,40_100511,542,40_569541869,40_9679,1772989500,1772989389,default
1772989200,1_10912,40_100511,542,40_569541869,40_8004689,1772989500,1772989500,default
1772989200,1_10912,1_100162,271,1_581655879,1_8004486,1772990400,1772990400,default
1772989200,1_10640,1_100252,62,1_759774159,1_8063,1772989560,1772988642,default
1772989500,1_575,1_102576,C Line,1_774718939,1_6261,1772989740,1772989492,default
1772989500,1_575,1_100089,2,1_540519689,1_7126,1772989380,1772989610,default
1772989500,1_2850,1_100089,2,1_540519679,1_7033,1772989920,1772988551,default
1772989500,1_77910,1_102746,333,1_778673649,1_7226,1772989567,1772989526,default
1772989500,1_46505,1_102619,F Line,1_635483849,1_8003968,1772990040,1772990040,default
1772989500,1_27420,23_102638,First Hill Streetcar,23_55296114,block_7777291_schedBasedVehicle,1772989860,1772989726,default
1772989500,1_73112,1_102704,250,1_720951659,1_7244,1772989547,1772989633,default
1772989500,1_52306,1_102719,161,1_694486849,1_8003966,1772990340,1772990340,default
1772989500,1_52306,1_102619,F Line,1_635484179,1_8003969,1772990400,1772990400,default
1772989500,1_99254,1_100045,150,1_694482419,1_8159,1772989445,1772989661,default
1772989500,1_65092,1_100162,271,1_720948609,1_8004476,1772990880,1772990880,default
1772989500,1_21080,1_100249,60,1_694000909,1_7053,1772989740,1772989738,default
1772989500,1_22184,1_100249,60,1_770767619,1_7174,1772989745,1772989676,default
1772989500,1_59282,1_102717,165,1_664525369,1_7392,1772991840,1772989417,default
1772989500,1_59282,1_102717,165,1_664525369,1_8004005,1772991840,1772991840,default
1772989500,1_2260,1_100275,8,1_693984159,1_8032,1772989787,1772989764,default
1772989500,1_620,40_594,594,40_2787010,40_61402,1772989860,1772989803,default
1772989500,1_620,40_100239,550,40_561778849,40_9658,1772990100,1772990025,default
1772989500,1_10912,1_100162,271,1_581655879,1_8004486,1772990400,1772990400,default
1772989500,1_71960,40_100511,542,40_597736189,40_8004679,1772990160,1772990160,default
1772989500,1_10640,1_100252,62,1_759774169,1_8002759,1772990460,1772990460,default
1772989800,1_970,40_594,594,40_1112010,40_9729,1772990310,1772989922,default
1772989800,1_75890,1_102615,E Line,1_768658929,1_6055,1772989945,1772989833,default
1772989800,1_320,40_100239,550,40_561779249,40_8004699,1772989920,1772989954,default
1772989800,1_2850,1_100089,2,1_540519679,1_7033,1772989920,1772988551,default
1772989800,1_46505,1_102619,F Line,1_635483849,1_8003968,1772990040,1772990040,default
1772989800,1_46505,1_102619,F Line,1_635484939,1_8003979,1772990940,1772990940,default
1772989800,1_52306,1_102719,161,1_694486849,1_8003966,1772990340,1772990340,default
1772989800,1_52306,1_102619,F Line,1_635484179,1_8003969,1772990400,1772990400,default
1772989800,1_31990,1_100026,128,1_694499349,1_7403,1772989824,1772989945,default
1772989800,1_65092,1_100162,271,1_720948609,1_8004476,1772990880,1772990880,default
1772989800,1_2200,1_102581,D Line,1_761097899,1_6108,1772989705,1772990063,default
1772989800,1_59282,1_102717,165,1_664525369,1_7392,1772991840,1772989417,default
1772989800,1_10912,1_100162,271,1_581655879,1_8004486,1772990400,1772990400,default
1772989800,1_71960,40_100511,542,40_597736189,40_8004679,1772990160,1772990160,default
1772989800,1_81982,1_102746,333,1_778673029,1_7238,1772990079,1772990079,default
1772989800,1_81982,1_102746,333,1_778673029,1_8003434,1772990079,1772990079,default
1772989800,1_10640,1_100252,62,1_759774169,1_8001,1772990460,1772989769,default
1772989800,1_10640,1_100252,62,1_759774189,1_8002790,1772992260,1772992260,default
1772990100,1_73945,1_102704,250,1_720951989,1_7327,1772990021,1772990126,default
1772990100,1_970,1_100003,101,1_762150549,1_8143,1772989692,1772990149,default
1772990100,1_320,40_594,594,40_1112010,40_9729,1772990580,1772990220,default
1772990100,1_575,1_102615,E Line,1_585648959,1_6270,1772990100,1772990168,default
1772990100,1_46505,1_102619,F Line,1_635484939,1_8003979,1772990940,1772990940,default
1772990100,1_74442,1_100146,255,1_547599659,1_6915,1772990304,1772990198,default
1772990100,1_52306,1_102719,161,1_694486849,1_8003966,1772990340,1772990340,default
1772990100,1_52306,1_102619,F Line,1_635484179,1_8003969,1772990400,1772990400,default
1772990100,1_52306,1_102619,F Line,1_635485189,1_8003972,1772991300,1772991300,default
1772990100,1_21945,1_102717,165,1_664525359,1_7428,1772990100,1772990264,default
1772990100,1_8530,1_100263,7,1_650212009,1_6949,1772990293,1772990309,default
1772990100,1_99254,1_100003,101,1_693814559,1_8192,1772990482,1772990326,default
1772990100,1_65092,1_100162,271,1_720948609,1_8004476,1772990880,1772990880,default
1772990100,1_54201,1_102619,F Line,1_635485959,1_6277,1772990249,1772990316,default
1772990100,1_60710,1_100512,A Line,1_721626719,1_6240,1772990315,1772990372,default
1772990100,1_45360,1_100006,107,1_635492079,1_3714,1772990356,1772990275,default
1772990100,1_49755,1_100031,132,1_633226829,1_8061,1772990380,1772990325,default
1772990100,1_25791,1_100214,372,1_609398609,1_7481,1772990438,1772990439,default
1772990100,1_10912,1_100447,49,1_650207859,1_8002445,1772990370,1772990395,default
1772990100,1_10912,1_100162,271,1_581655879,1_8004486,1772990400,1772990400,default
1772990100,1_10912,40_100511,542,40_569542229,40_8004690,1772991300,1772991300,default
1772990100,1_10640,1_100252,62,1_759774169,1_8001,1772990460,1772989769,default
1772990100,1_10640,1_100252,62,1_759774189,1_8002790,1772992260,1772992260,default
1772990613,1_103,1_102745,G Line,1_736364579,1_6407,1772990386,1772990687,default
1772990613,1_22196,1_102736,H Line,1_636332309,1_6051,1772990379,1772990634,default
1772990613,1_575,1_102615,E Line,1_768619879,1_6225,1772990700,1772990706,default
1772990613,1_2850,1_100089,2,1_540519719,1_7137,1772991720,1772990344,default
1772990613,1_46505,1_102619,F Line,1_635484939,1_8003979,1772990940,1772990940,default
1772990613,1_46505,1_102619,F Line,1_635485489,1_8003973,1772991840,1772991840,default
1772990613,1_47660,1_102736,H Line,1_636333049,1_6059,1772990839,1772990684,default
1772990613,1_280,40_100240,554,40_561776889,40_9657,1772990693,1772990726,default
1772990613,1_52306,1_102619,F Line,1_635485189,1_8003972,1772991300,1772991300,default
1772990613,1_52306,1_102719,161,1_694486879,1_8004008,1772992080,1772992080,default
1772990613,1_65092,1_100162,271,1_720948609,1_8004476,1772990880,1772990880,default
1772990613,1_59282,1_102717,165,1_664525369,1_7392,1772991840,1772989417,default
1772990613,1_59282,1_100072,181,1_721611959,1_7071,1772991480,1772990456,default
1772990613,1_2260,1_100275,8,1_770758039,1_8021,1772990708,1772990884,default
1772990613,1_620,40_100239,550,40_630434199,40_9661,1772991060,1772990870,default
1772990613,1_10912,1_100264,70,1_664213889,1_8220,1772990943,1772990886,default
1772990613,1_10912,40_100511,542,40_569542229,40_8004690,1772991300,1772991300,default
1772990613,1_10640,1_100252,62,1_759774179,1_8053,1772991360,1772990681,default
1772990613,1_10640,1_100252,62,1_759774179,1_8002754,1772991360,1772991360,default
1772990613,1_10640,1_100252,62,1_759774189,1_8002790,1772992260,1772992260,default
1772990613,1_52081,1_102736,H Line,1_636333059,1_6073,1772991099,1772990858,default
1772990913,1_26560,1_102574,40,1_686399019,1_8119,1772990822,1772991017,default
1772990913,1_13830,1_102581,D Line,1_761098009,1_6050,1772990974,1772990996,default
1772990913,1_2850,1_100089,2,1_540519719,1_7137,1772991720,1772990344,default
1772990913,1_46505,1_102619,F Line,1_635485489,1_8003973,1772991840,1772991840,default
1772990913,1_27420,23_102638,First Hill Streetcar,23_55296115,23_402,1772991060,1772991006,default
1772990913,1_52306,1_102619,F Line,1_635485189,1_8003972,1772991300,1772991300,default
1772990913,1_52306,1_102719,161,1_694486879,1_8004008,1772992080,1772992080,default
1772990913,1_52306,1_102619,F Line,1_635484719,1_8003971,1772992200,1772992200,default
1772990913,1_65092,1_100162,271,1_720948809,1_8004479,1772992620,1772992620,default
1772990913,1_54201,1_102619,F Line,1_635484179,1_6239,1772991149,1772991118,default
1772990913,1_2200,1_100275,8,1_770779079,1_8002829,1772991133,1772991133,default
1772990913,1_57804,1_100072,181,1_721611969,1_7328,1772991026,1772991246,default
1772990913,1_59282,1_100072,181,1_721611959,1_7071,1772991480,1772990456,default
1772990913,1_10912,40_100511,542,40_569542229,40_8004690,1772991300,1772991300,default
1772990913,1_10912,40_100511,542,40_569542609,40_8004680,1772993040,1772993040,default
1772990913,1_10640,1_100252,62,1_759774179,1_8053,1772991360,1772990681,default
1772990913,1_10640,1_100252,62,1_759774189,1_8002790,1772992260,1772992260,default
1772991213,1_60161,1_100042,148,1_762160429,1_7450,1772991900,1772991068,default
1772991213,1_60161,1_100042,148,1_762160429,1_8004021,1772991900,1772991900,default
1772991213,1_970,1_100045,150,1_771058359,1_8160,1772991192,1772991268,default
1772991213,1_575,1_100210,36,1_732726469,1_8003123,1772991300,1772990940,default
1772991213,1_575,1_102581,D Line,1_585648999,1_6078,1772991240,1772991282,default
1772991213,1_575,1_100089,2,1_540519679,1_7033,1772991180,1772991308,default
1772991213,1_2850,1_100089,2,1_540519719,1_7137,1772991720,1772990344,default
1772991213,1_46505,1_102619,F Line,1_635485489,1_8003973,1772991840,1772991840,default
1772991213,1_77460,1_102746,333,1_778673039,1_7226,1772991357,1772991352,default
1772991213,1_60477,1_100060,168,1_693819789,1_7433,1772991266,1772991320,default
1772991213,1_1510,1_100263,7,1_650212019,1_8202,1772991234,1772991307,default
1772991213,1_52306,1_102719,161,1_694486879,1_8004008,1772992080,1772992080,default
1772991213,1_52306,1_102619,F Line,1_635484719,1_8003971,1772992200,1772992200,default
1772991213,1_8530,1_100005,106,1_762173349,1_7113,1772991377,1772991366,default
1772991213,1_99254,40_594,594,40_3584010,40_9721,1772991316,1772991379,default
1772991213,1_65092,1_100162,271,1_720948809,1_7376,1772992620,1772991219,default
1772991213,1_65092,1_100162,271,1_720948809,1_8004479,1772992620,1772992620,default
1772991213,1_49350,1_100026,128,1_694499229,1_7146,1772991057,1772991462,default
1772991213,1_9605,1_100184,31,1_685925859,1_7026,1772991432,1772991383,default
1772991213,1_59282,1_100072,181,1_721611959,1_7071,1772991480,1772990456,default
1772991213,1_41370,1_100219,4,1_761095239,1_7012,1772991455,1772991358,default
1772991213,1_55020,1_100005,106,1_762173359,1_7176,1772991514,1772991417,default
1772991213,1_10912,40_100511,542,40_569542609,40_8004680,1772993040,1772993040,default
1772991213,1_71960,40_100511,542,40_597735749,40_8004689,1772991960,1772991960,default
1772991213,1_10640,1_100252,62,1_759774189,1_8002790,1772992260,1772992260,default
1772991213,1_76310,1_102705,230,1_664275779,1_7381,1772991346,1772991533,default
1772991513,1_28370,1_102574,40,1_778670829,1_8155,1772991581,1772991491,default
1772991513,1_60161,1_100042,148,1_762160429,1_7450,1772991900,1772991068,default
1772991513,1_23220,1_100269,75,1_616813239,1_8134,1772991599,-1,default
1772991513,1_2850,1_100089,2,1_540519719,1_7137,1772991720,1772990344,default
1772991513,1_46505,1_102619,F Line,1_635485489,1_8003973,1772991840,1772991840,default
1772991513,1_46505,1_102619,F Line,1_635484479,1_8003970,1772992740,1772992740,default
1772991513,1_79610,1_100006,107,1_714177969,1_3708,1772991697,1772991611,default
1772991513,1_52306,1_102719,161,1_694486879,1_8004008,1772992080,1772992080,default
1772991513,1_52306,1_102619,F Line,1_635484719,1_8003971,1772992200,1772992200,default
1772991513,1_58112,1_102619,F Line,1_635483849,1_6000,1772991681,1772991708,default
1772991513,1_65092,1_100162,271,1_720948809,1_7376,1772992620,1772991219,default
1772991513,1_59282,1_102717,165,1_664525369,1_7392,1772991840,1772989417,default
1772991513,1_19921,1_100101,21,1_775011459,1_8235,1772991421,1772991751,default
1772991513,1_60710,1_100512,A Line,1_721612499,1_6285,1772991755,1772991775,default
1772991513,1_620,40_100236,545,40_347630839,40_8004681,1772991840,1772991840,default
1772991513,1_620,40_100236,545,40_347630839,40_9800,1772991840,1772991853,default
1772991513,1_620,40_100239,550,40_561777909,40_9674,1772991900,1772991946,default
1772991513,1_10912,1_100214,372,1_609398639,1_7479,1772991681,1772991797,default
1772991513,1_10912,40_100511,542,40_569542609,40_8004680,1772993040,1772993040,default
1772991513,1_71960,40_100511,542,40_597735749,40_8004689,1772991960,1772991960,default
1772991513,1_10640,1_100252,62,1_759774199,1_8068,1772993160,1772991412,default
1772991513,1_10640,1_100252,62,1_759774189,1_8002790,1772992260,1772992260,default
1772991513,1_8403,1_100039,14,1_727454099,1_7158,1772991840,1772991757,default
1772991813,1_26560,1_102574,40,1_686398579,1_8144,1772991782,1772991929,default
1772991813,1_60161,1_100042,148,1_762160429,1_7450,1772991900,1772991068,default
1772991813,1_8541,1_100039,14,1_727454579,1_7128,1772991600,1772991879,default
1772991813,1_46505,1_102619,F Line,1_635484479,1_8003970,1772992740,1772992740,default
1772991813,1_280,40_594,594,40_1861010,40_9723,1772992178,1772991880,default
1772991813,1_23530,1_100259,67,1_534517139,1_8101,1772991926,1772991870,default
1772991813,1_52306,1_102719,161,1_694486879,1_8004008,1772992080,1772992080,default
1772991813,1_52306,1_102619,F Line,1_635484719,1_8003971,1772992200,1772992200,default
1772991813,1_80121,1_102719,161,1_694487179,1_7315,1772991825,1772991979,default
1772991813,1_65092,1_100162,271,1_720948809,1_7376,1772992620,1772991219,default
1772991813,1_41850,1_100006,107,1_714178239,1_7311,1772992117,1772991944,default
1772991813,1_54201,1_102619,F Line,1_635485189,1_6284,1772992049,1772992025,default
1772991813,1_18580,1_100252,62,1_759774809,1_8039,1772992129,1772992033,default
1772991813,1_79874,1_100133,240,1_761773029,1_7386,1772992093,1772991978,default
1772991813,1_10912,40_100511,542,40_569542609,40_8004680,1772993040,1772993040,default
1772991813,1_10912,1_100162,271,1_581655889,1_8004480,1772994000,1772994000,default
1772991813,1_10912,40_100511,542,40_569541119,40_8004679,1772994780,1772994780,default
1772991813,1_10640,1_100252,62,1_759774199,1_8068,1772993160,1772991412,default
1772991813,1_10640,1_100252,62,1_759774189,1_8002790,1772992260,1772992260,default
1772992113,1_481,1_102576,C Line,1_774718919,1_6261,1772992260,1772992097,default
1772992113,1_8541,1_100005,106,1_762173449,1_7164,1772992080,1772992155,default
1772992113,1_12770,1_100228,48,1_770757449,1_8013,1772991987,1772992178,default
1772992113,1_320,40_594,594,40_1861010,40_9723,1772992380,1772992237,default
1772992113,1_7790,1_102615,E Line,1_768619879,1_6225,1772992120,1772992174,default
1772992113,1_46505,1_102619,F Line,1_635484479,1_8003970,1772992740,1772992740,default
1772992113,1_84810,1_102752,223,1_825176899,1_7240,1772992254,1772992224,default
1772992113,1_52306,1_102619,F Line,1_635485759,1_8003967,1772993100,1772993100,default
1772992113,1_31990,1_100230,50,1_785618639,1_3709,1772992153,1772992256,default
1772992113,1_57516,1_102717,165,1_664525359,1_7428,1772992307,1772992232,default
1772992113,1_8530,1_100005,106,1_762173319,1_7446,1772992277,1772992234,default
1772992113,1_99254,1_100045,150,1_694483609,1_8121,1772992162,1772992298,default
1772992113,1_65092,1_100162,271,1_720948809,1_7376,1772992620,1772991219,default
1772992113,1_65092,1_100162,271,1_720948619,1_8004487,1772994360,1772994360,default
1772992113,1_41940,1_100249,60,1_694000909,1_7053,1772992407,1772992229,default
1772992113,1_2200,1_102581,D Line,1_761098599,1_6093,1772992405,1772992329,default
1772992113,1_14280,1_102581,D Line,1_628168089,1_6060,1772991998,1772992374,default
1772992113,1_25791,1_100214,372,1_609398639,1_7479,1772992238,1772992378,default
1772992113,1_10912,40_100511,542,40_569542609,40_8004680,1772993040,1772993040,default
1772992113,1_10912,1_100162,271,1_581655889,1_8004480,1772994000,1772994000,default
1772992113,1_10912,40_100511,542,40_569541119,40_8004679,1772994780,1772994780,default
1772992113,1_10640,1_100252,62,1_759774199,1_8068,1772993160,1772991412,default
1772992413,1_73945,1_102704,250,1_720951999,1_7358,1772991821,1772992438,default
1772992413,1_575,1_102576,C Line,1_774718179,1_6266,1772992560,1772992411,default
1772992413,1_2850,1_100089,2,1_540519669,1_8002452,1772993520,1772993520,default
1772992413,1_46505,1_102619,F Line,1_635484479,1_8003970,1772992740,1772992740,default
1772992413,1_46505,1_102619,F Line,1_635485969,1_8003974,1772993640,1772993640,default
1772992413,1_280,40_100240,554,40_561777229,40_9662,1772992493,1772992493,default
1772992413,1_1510,1_100210,36,1_732726489,1_7104,1772992674,1772992453,default
1772992413,1_85350,1_102701,225,1_694327319,1_7388,1772992543,1772992503,default
1772992413,1_52306,1_102619,F Line,1_635485759,1_8003967,1772993100,1772993100,default
1772992413,1_8530,1_100263,7,1_650212039,1_8217,1772992513,1772992596,default
1772992413,1_58112,1_102619,F Line,1_635484939,1_6282,1772992641,1772992538,default
1772992413,1_40030,1_102574,40,1_686399539,1_8266,1772992400,1772992594,default
1772992413,1_65092,1_100162,271,1_720948809,1_7376,1772992620,1772991219,default
1772992413,1_65092,1_100162,271,1_720948619,1_8004487,1772994360,1772994360,default
1772992413,1_71970,1_102753,222,1_774798429,1_7452,1772992606,1772992618,default
1772992413,1_57804,1_100072,181,1_721611949,1_7476,1772992826,1772992864,default
1772992413,1_59282,1_100072,181,1_721611939,1_8003986,1772993280,1772993280,default
1772992413,1_49554,1_100026,128,1_694499119,1_7454,1772992649,1772992600,default
1772992413,1_55831,1_100005,106,1_762173379,1_7148,1772992448,1772992667,default
1772992413,1_620,40_100239,550,40_630434189,40_9584,1772992800,1772992795,default
1772992413,1_10912,40_100511,542,40_569542609,40_8004680,1772993040,1772993040,default
1772992413,1_10912,1_100162,271,1_581655889,1_8004480,1772994000,1772994000,default
1772992413,1_10912,40_100511,542,40_569541119,40_8004679,1772994780,1772994780,default
1772992413,1_10640,1_100252,62,1_759774199,1_8068,1772993160,1772991412,default
1772992413,1_10640,1_100252,62,1_759774209,1_8084,1772994060,1772992368,default
1772992713,1_12170,1_100039,14,1_727454579,1_7128,1772992658,1772992736,default
1772992713,1_4290,1_100219,4,1_761095059,1_7136,1772992819,1772992695,default
1772992713,1_2850,1_100089,2,1_540519669,1_7106,1772993520,1772992672,default
1772992713,1_2850,1_100089,2,1_540519669,1_8002452,1772993520,1772993520,default
1772992713,1_8080,1_100263,7,1_650212069,1_8229,1772992776,1772992752,default
1772992713,1_46505,1_102619,F Line,1_635485969,1_8003974,1772993640,1772993640,default
1772992713,1_58342,1_100072,181,1_721611959,1_7071,1772992800,1772992837,default
1772992713,1_52306,1_102619,F Line,1_635485759,1_8003967,1772993100,1772993100,default
1772992713,1_52306,1_102719,161,1_693819469,1_8004009,1772993940,1772993940,default
1772992713,1_69882,1_102701,225,1_694327319,1_7388,1772993035,1772992827,default
1772992713,1_45670,1_100210,36,1_732726229,1_8003110,1772992884,1772992884,default
1772992713,1_65092,1_100162,271,1_720948619,1_8004487,1772994360,1772994360,default
1772992713,1_2200,1_100275,8,1_693984179,1_8002826,1772992933,1772992933,default
1772992713,1_59282,1_100072,181,1_721611939,1_7328,1772993280,1772992630,default
1772992713,1_59282,1_100072,181,1_721611939,1_8003986,1772993280,1772993280,default
1772992713,1_57448,1_102717,165,1_664525369,1_7392,1772993030,1772992913,default
1772992713,1_620,40_100240,554,40_774846699,40_9580,1772992920,1772993193,default
1772992713,1_10912,40_100511,542,40_569542609,40_8004680,1772993040,1772993040,default
1772992713,1_10912,1_100162,271,1_581655889,1_8004480,1772994000,1772994000,default
1772992713,1_10912,40_100511,542,40_569541119,40_8004679,1772994780,1772994780,default
1772992713,1_71960,1_102752,223,1_766557399,1_7241,1772993100,1772992999,default
1772992713,1_10640,1_100252,62,1_759774199,1_8068,1772993160,1772991412,default
1772992713,1_10640,1_100252,62,1_759774209,1_8084,1772994060,1772992368,default
1772992713,1_47890,1_100026,128,1_694499119,1_7454,1772993007,1772992959,default
1772993013,1_575,1_100210,36,1_732726489,1_8003109,1772993100,1772992861,default
1772993013,1_575,1_100210,36,1_732726489,1_7104,1772993100,1772992891,default
1772993013,1_575,1_102615,E Line,1_768658979,1_6083,1772993100,1772993026,default
1772993013,1_2850,1_100089,2,1_540519669,1_7106,1772993520,1772992672,default
1772993013,1_46505,1_102619,F Line,1_635485969,1_8003974,1772993640,1772993640,default
1772993013,1_81199,1_100072,181,1_721611949,1_7476,1772993085,1772993131,default
1772993013,1_52306,1_102719,161,1_693819469,1_8004009,1772993940,1772993940,default
1772993013,1_52306,1_102619,F Line,1_635483879,1_8003968,1772994000,1772994000,default
1772993013,1_99254,1_100045,150,1_694483249,1_8179,1772993062,1772993220,default
1772993013,1_99254,40_594,594,40_1178010,40_9716,1772993116,1772993235,default
1772993013,1_58112,1_100045,150,1_771058359,1_8160,1772993047,1772993168,default
1772993013,1_65092,1_100162,271,1_720948619,1_8004487,1772994360,1772994360,default
1772993013,1_59282,1_100072,181,1_721611939,1_7328,1772993280,1772992630,default
1772993013,1_59282,1_102717,165,1_664525349,1_7428,1772995440,1772992814,default
1772993013,1_10912,1_100162,271,1_581655889,1_8004480,1772994000,1772994000,default
1772993013,1_10912,40_100511,542,40_569541119,40_8004679,1772994780,1772994780,default
1772993013,1_71960,40_100511,542,40_597736239,40_8004690,1772993760,1772993760,default
1772993013,1_10640,1_100252,62,1_759774209,1_8084,1772994060,1772992368,default
1772993013,1_58144,1_102717,165,1_664525369,1_7392,1772993516,1772993246,default
1772993313,1_77930,1_102746,333,1_778673689,1_7208,1772993117,1772993322,default
1772993313,1_970,1_100003,101,1_762150579,1_8192,1772993292,1772993345,default
1772993313,1_970,40_594,594,40_2736010,40_61402,1772993910,1772993401,default
1772993313,1_51930,1_100030,131,1_581156069,1_8066,1772993357,1772993279,default
1772993313,1_23220,1_100269,75,1_616812389,1_8256,1772993459,-1,default
1772993313,1_2850,1_100089,2,1_540519669,1_7106,1772993520,1772992672,default
1772993313,1_46505,1_102619,F Line,1_635485969,1_8003974,1772993640,1772993640,default
1772993313,1_46505,1_102619,F Line,1_694488969,1_8003969,1772994540,1772994540,default
1772993313,1_27420,23_102638,First Hill Streetcar,23_55296117,23_403,1772993460,1772993419,default
1772993313,3_31002,40_560,560,40_3476010,40_9207,1772993529,1772993688,default
1772993313,1_52306,1_102719,161,1_693819469,1_8004009,1772993940,1772993940,default
1772993313,1_52306,1_102619,F Line,1_635483879,1_8003968,1772994000,1772994000,default
1772993313,1_80121,1_102719,161,1_694487999,1_7058,1772993625,1772993493,default
1772993313,1_81426,1_102702,239,1_466967309,1_3705,1772993275,1772993460,default
1772993313,1_8530,1_100263,7,1_650212049,1_8236,1772993233,1772993521,default
1772993313,1_45670,1_100210,36,1_732726209,1_7072,1772993484,1772993463,default
1772993313,1_40030,1_102574,40,1_686399169,1_8193,1772993300,1772993476,default
1772993313,1_65092,1_100162,271,1_720948619,1_8004487,1772994360,1772994360,default
1772993313,1_41940,1_100249,60,1_694000899,1_7018,1772993307,1772993513,default
1772993313,1_59282,1_102717,165,1_664525349,1_7428,1772995440,1772992814,default
1772993313,1_57791,1_102718,184,1_635477869,1_7093,1772993603,1772993672,default
1772993313,1_620,40_594,594,40_1178010,40_9716,1772993460,1772993597,default
1772993313,1_620,40_100239,550,40_561778549,40_9574,1772993700,1772994088,default
1772993313,1_10912,1_100162,271,1_581655889,1_8004480,1772994000,1772994000,default
1772993313,1_10912,40_100511,542,40_569541119,40_8004679,1772994780,1772994780,default
1772993313,1_10912,1_100162,271,1_581656159,1_8004477,1772995800,1772995800,default
1772993313,1_71960,40_100511,542,40_597736239,40_8004690,1772993760,1772993760,default
1772993313,1_10640,1_100252,62,1_759774209,1_8084,1772994060,1772992368,default
1772993313,1_10640,1_100252,62,1_759774219,1_8208,1772994960,1772993194,default
1772993613,1_28370,1_102574,40,1_778670219,1_8105,1772993393,1772993646,default
1772993613,1_8541,1_100263,7,1_650211159,1_8202,1772993700,1772993635,default
1772993613,1_320,40_100239,550,40_561778799,40_9661,1772993520,1772993666,default
1772993613,1_320,40_594,594,40_2736010,40_61402,1772994180,1772993671,default
1772993613,1_68784,1_102548,B Line,1_705345499,1_6044,1772993699,1772993633,default
1772993613,1_46505,1_102619,F Line,1_694488969,1_8003969,1772994540,1772994540,default
1772993613,1_52306,1_102719,161,1_693819469,1_8004009,1772993940,1772993940,default
1772993613,1_52306,1_102619,F Line,1_635483879,1_8003968,1772994000,1772994000,default
1772993613,1_8530,1_100005,106,1_762173359,1_7176,1772994077,1772993757,default
1772993613,1_99254,1_100045,150,1_694483619,1_8177,1772993962,1772993835,default
1772993613,1_65092,1_100162,271,1_720948619,1_8004487,1772994360,1772994360,default
1772993613,1_59282,1_102717,165,1_664525349,1_7428,1772995440,1772992814,default
1772993613,1_59872,1_102619,F Line,1_635484719,1_6238,1772994025,1772993844,default
1772993613,1_75850,1_102615,E Line,1_585649009,1_6209,1772993981,1772993832,default
1772993613,1_620,40_100239,550,40_561778549,40_9574,1772993700,1772993913,default
1772993613,1_10912,1_100228,48,1_770757479,1_8018,1772993640,1772993880,default
1772993613,1_10912,1_100162,271,1_581655889,1_8004480,1772994000,1772994000,default
1772993613,1_10912,40_100511,542,40_569541119,40_8004679,1772994780,1772994780,default
1772993613,1_10912,1_100162,271,1_581656159,1_8004477,1772995800,1772995800,default
1772993613,1_10912,40_100511,542,40_569541779,40_8004689,1772996580,1772996580,default
1772993613,1_81982,1_102746,333,1_778673069,1_7207,1772993679,1772993894,default
1772993613,1_10640,1_100252,62,1_759774209,1_8084,1772994060,1772992368,default
1772993613,1_10640,1_100252,62,1_759774219,1_8208,1772994960,1772993194,default
1772993613,1_18550,1_100252,62,1_759774829,1_8029,1772993936,1772993893,default
1772993913,1_85800,1_100196,331,1_778667399,1_7256,1772994093,1772994059,default
1772993913,1_12770,1_100228,48,1_770757469,1_8248,1772993847,1772993986,default
1772993913,1_8080,1_100263,7,1_650211129,1_8223,1772994001,1772993962,default
1772993913,1_46505,1_102619,F Line,1_694488969,1_8003969,1772994540,1772994540,default
1772993913,1_25140,1_100254,65,1_778663609,1_8103,1772994242,1772993977,default
1772993913,1_68130,1_102548,B Line,1_705345059,1_6046,1772994049,1772994057,default
1772993913,1_84810,1_102752,223,1_825176909,1_7308,1772994114,1772994083,default
1772993913,1_52306,40_560,560,40_3476010,40_9207,1772994120,1772994255,default
1772993913,1_52306,1_102619,F Line,1_635484969,1_8003979,1772994900,1772994900,default
1772993913,1_65092,1_100162,271,1_720948619,1_8004487,1772994360,1772994360,default
1772993913,1_59282,1_102717,165,1_664525349,1_7428,1772995440,1772992814,default
1772993913,1_68160,1_102548,B Line,1_705345059,1_6046,1772994179,1772994105,default
1772993913,1_620,40_100239,550,40_630434159,40_9820,1772994720,1772994679,default
1772993913,1_10912,40_100511,542,40_569541119,40_8004679,1772994780,1772994780,default
1772993913,1_10912,1_100162,271,1_581656159,1_8004477,1772995800,1772995800,default
1772993913,1_10912,40_100511,542,40_569541779,40_8004689,1772996580,1772996580,default
1772993913,1_10640,1_100252,62,1_759774219,1_8208,1772994960,1772993194,default
1772994213,1_103,1_102745,G Line,1_736364499,1_6407,1772993986,1772994271,default
1772994213,1_2850,1_100089,2,1_540519729,1_8002451,1772995320,1772995320,default
1772994213,1_46505,1_102619,F Line,1_694488969,1_8003969,1772994540,1772994540,default
1772994213,1_46505,1_102619,F Line,1_694489949,1_8003972,1772995440,1772995440,default
1772994213,1_280,40_100240,554,40_561776199,40_8004725,1772994293,1772994333,default
1772994213,1_75190,1_102746,333,1_778673059,1_7201,1772994412,1772994300,default
1772994213,1_52306,1_102619,F Line,1_635484969,1_8003979,1772994900,1772994900,default
1772994213,1_21945,1_102717,165,1_664525369,1_7392,1772994480,1772994339,default
1772994213,1_7750,1_102615,E Line,1_768658979,1_6083,1772994426,1772994377,default
1772994213,1_36510,1_100024,125,1_770765959,1_7160,1772994168,1772994388,default
1772994213,1_57804,1_100072,181,1_721611929,1_7493,1772994626,1772994633,default
1772994213,1_59282,1_102717,165,1_664525349,1_7428,1772995440,1772992814,default
1772994213,1_59282,1_100072,181,1_721611919,1_7476,1772995080,1772993952,default
1772994213,1_42540,1_100072,181,1_721611959,1_7071,1772994271,1772994456,default
1772994213,1_620,40_100239,550,40_630434159,40_9820,1772994720,1772994553,default
1772994213,1_10912,1_100224,44,1_562590729,1_8239,1772994325,1772994479,default
1772994213,1_10912,40_100511,542,40_569541119,40_8004679,1772994780,1772994780,default
1772994213,1_10912,1_100162,271,1_581656159,1_8004477,1772995800,1772995800,default
1772994213,1_10912,40_100511,542,40_569541779,40_8004689,1772996580,1772996580,default
1772994213,1_10640,1_100252,62,1_759774219,1_8208,1772994960,1772993194,default
1772994213,1_10640,1_100252,62,1_759774229,1_8039,1772995860,1772994302,default
1772994513,1_46791,1_100016,118,1_656293869,1_3753,1772994360,1772994660,default
1772994513,1_60161,1_100042,148,1_762160259,1_7037,1772994540,1772994398,default
1772994513,1_13830,1_102581,D Line,1_761098049,1_6060,1772994638,1772994524,default
1772994513,1_2850,1_100089,2,1_540519729,1_7126,1772995320,1772994243,default
1772994513,1_46505,1_102619,F Line,1_694489949,1_8003972,1772995440,1772995440,default
1772994513,1_74980,1_100196,331,1_778667399,1_7256,1772994606,1772994569,default
1772994513,1_27420,23_102638,First Hill Streetcar,23_55296118,23_402,1772994660,1772994555,default
1772994513,1_52306,1_102619,F Line,1_635484969,1_8003979,1772994900,1772994900,default
1772994513,1_52306,1_102719,161,1_693819509,1_8004010,1772995740,1772995740,default
1772994513,1_8530,1_100039,14,1_727453709,1_8003154,1772994491,1772994700,default
1772994513,1_59282,1_102717,165,1_664525349,1_7428,1772995440,1772992814,default
1772994513,1_59282,1_100072,181,1_721611919,1_7476,1772995080,1772993952,default
1772994513,1_85531,1_102757,187,1_762147549,1_7441,1772994960,1772994771,default
1772994513,1_620,40_100240,554,40_774846379,40_9801,1772994720,1772994782,default
1772994513,1_10912,1_100162,271,1_581656159,1_8004477,1772995800,1772995800,default
1772994513,1_10912,40_100511,542,40_569541779,40_8004689,1772996580,1772996580,default
1772994513,1_71960,1_102752,223,1_766557409,1_7305,1772994900,1772994790,default
1772994513,1_10640,1_100252,62,1_759774219,1_8208,1772994960,1772993194,default
1772994513,1_10640,1_100252,62,1_759774229,1_8039,1772995860,1772994302,default
1772994813,1_52638,40_574,574,40_3464010,40_51401,1772994966,1772994841,default
1772994813,1_60161,1_100042,148,1_762160229,1_7037,1772995500,1772994398,default
1772994813,1_575,1_100089,2,1_540519669,1_7106,1772994780,1772994889,default
1772994813,1_2850,1_100089,2,1_540519729,1_7126,1772995320,1772994243,default
1772994813,1_46505,1_102619,F Line,1_694489949,1_8003972,1772995440,1772995440,default
1772994813,1_77460,1_102746,333,1_778673079,1_7208,1772994957,1772994912,default
1772994813,1_52306,1_102719,161,1_693819509,1_8004010,1772995740,1772995740,default
1772994813,1_52306,1_102619,F Line,1_635485519,1_8003973,1772995800,1772995800,default
1772994813,1_65092,1_100162,271,1_720948819,1_8004486,1772996160,1772996160,default
1772994813,1_71970,1_102752,223,1_825176919,1_7241,1772994908,1772995011,default
1772994813,1_22184,1_102736,H Line,1_636332359,1_6071,1772994806,1772995023,default
1772994813,1_59282,1_102717,165,1_664525349,1_7428,1772995440,1772992814,default
1772994813,1_59282,1_100072,181,1_721611919,1_7476,1772995080,1772993952,default
1772994813,1_620,40_100239,550,40_561779289,40_9814,1772995620,1772995621,default
1772994813,1_10912,1_100162,271,1_581656159,1_8004477,1772995800,1772995800,default
1772994813,1_10912,40_100511,542,40_569541779,40_8004689,1772996580,1772996580,default
1772994813,1_71960,40_100511,542,40_597736619,40_8004680,1772995560,1772995560,default
1772994813,1_10640,1_100252,62,1_759774229,1_8039,1772995860,1772994302,default
1772994813,1_76310,1_102705,230,1_664275789,1_7360,1772994946,1772995113,default
1772995113,1_29217,1_100224,44,1_629475639,1_8203,1772994998,1772995128,default
1772995113,1_60161,1_100042,148,1_762160229,1_7037,1772995500,1772994398,default
1772995113,1_80692,1_100045,150,1_694483629,1_6954,1772994805,1772995169,default
1772995113,1_2850,1_100089,2,1_540519729,1_7126,1772995320,1772994243,default
1772995113,1_46505,1_102619,F Line,1_694489949,1_8003972,1772995440,1772995440,default
1772995113,1_46505,1_102619,F Line,1_694489489,1_8003971,1772996340,1772996340,default
1772995113,1_52306,1_102719,161,1_693819509,1_8004010,1772995740,1772995740,default
1772995113,1_52306,1_102619,F Line,1_635485519,1_8003973,1772995800,1772995800,default
1772995113,1_58112,1_102619,F Line,1_635485969,1_6277,1772995341,1772995350,default
1772995113,1_70665,1_100136,245,1_761772389,1_7357,1772995296,1772995172,default
1772995113,1_65092,1_100162,271,1_720948819,1_7363,1772996160,1772995121,default
1772995113,1_65092,1_100162,271,1_720948819,1_8004486,1772996160,1772996160,default
1772995113,1_59282,1_102717,165,1_664525349,1_7428,1772995440,1772992814,default
1772995113,1_70330,1_100146,255,1_547599829,1_6947,1772995378,1772995316,default
1772995113,1_60710,1_100512,A Line,1_721612549,1_6054,1772995365,1772995357,default
1772995113,1_10210,1_100264,70,1_664213719,1_8212,1772995619,1772995338,default
1772995113,1_620,40_100236,545,40_347630939,40_9802,1772995320,1772995410,default
1772995113,1_620,40_100239,550,40_561779289,40_9814,1772995620,1772995499,default
1772995113,1_10912,1_100162,271,1_581656159,1_8004477,1772995800,1772995800,default
1772995113,1_10912,40_100511,542,40_569541779,40_8004689,1772996580,1772996580,default
1772995113,1_71960,40_100511,542,40_597736619,40_8004680,1772995560,1772995560,default
1772995113,1_10640,1_100252,62,1_759774229,1_8039,1772995860,1772994302,default
1772995113,1_10640,1_100252,62,1_759774239,1_8026,1772996760,1772995309,default
1772995113,1_10640,1_100252,62,1_759774239,1_8002756,1772996760,1772996760,default
1772995113,1_8403,1_100039,14,1_727454599,1_8003152,1772995440,1772995440,default
1772995413,1_60161,1_100042,148,1_762160229,1_7037,1772995500,1772994398,default
1772995413,1_320,40_594,594,40_2159010,40_9726,1772995980,1772995638,default
1772995413,1_68784,1_102548,B Line,1_705345009,1_6023,1772995499,1772995457,default
1772995413,1_575,1_102615,E Line,1_768670819,1_6117,1772995500,1772995427,default
1772995413,1_575,1_100210,36,1_732726209,1_7072,1772995500,1772995482,default
1772995413,1_575,1_100028,13,1_559625609,1_8002434,1772995500,1772995515,default
1772995413,1_46505,1_102619,F Line,1_694489489,1_8003971,1772996340,1772996340,default
1772995413,1_52306,1_102719,161,1_693819509,1_8004010,1772995740,1772995740,default
1772995413,1_52306,1_102619,F Line,1_635485519,1_8003973,1772995800,1772995800,default
1772995413,1_80121,1_102719,161,1_694487789,1_7436,1772995425,1772995585,default
1772995413,1_65092,1_100162,271,1_720948819,1_7363,1772996160,1772995121,default
1772995413,1_54201,1_102619,F Line,1_635484969,1_6282,1772995709,1772995607,default
1772995413,1_10912,1_100162,271,1_581656159,1_8004477,1772995800,1772995800,default
1772995413,1_10912,40_100511,542,40_569541779,40_8004689,1772996580,1772996580,default
1772995413,1_10912,1_100162,271,1_581655899,1_8004476,1772997540,1772997540,default
1772995413,1_10912,40_100511,542,40_569542219,40_8004690,1772998380,1772998380,default
1772995413,1_10640,1_100252,62,1_759774229,1_8039,1772995860,1772994302,default
1772995413,1_10640,1_100252,62,1_759774239,1_8026,1772996760,1772995309,default
1772995713,1_12770,1_100228,48,1_770757489,1_8079,1772995647,1772995806,default
1772995713,1_46505,1_102619,F Line,1_694489489,1_8003971,1772996340,1772996340,default
1772995713,1_27420,23_102638,First Hill Streetcar,23_55296119,23_404,1772995860,1772995904,default
1772995713,1_52306,1_102619,F Line,1_635484509,1_8003970,1772996700,1772996700,default
1772995713,1_8530,1_100005,106,1_762173409,1_7345,1772995937,1772995803,default
1772995713,1_45670,1_100210,36,1_732726189,1_7095,1772995884,1772995832,default
1772995713,1_65092,1_100162,271,1_720948819,1_7363,1772996160,1772995121,default
1772995713,1_40065,1_102574,40,1_778670389,1_8186,1772996097,1772995892,default
1772995713,1_58111,1_102619,F Line,1_694488969,1_6239,1772995996,1772995948,default
1772995713,1_620,40_100239,550,40_630434169,40_9570,1772996520,1772996272,default
1772995713,1_10912,40_100511,542,40_569541779,40_8004689,1772996580,1772996580,default
1772995713,1_10912,1_100162,271,1_581655899,1_8004476,1772997540,1772997540,default
1772995713,1_10912,40_100511,542,40_569542219,40_8004690,1772998380,1772998380,default
1772995713,1_10640,1_100252,62,1_759774239,1_8026,1772996760,1772995309,default
1772996013,1_29217,1_100224,44,1_629475649,1_8216,1772995898,1772996059,default
1772996013,1_320,40_100239,550,40_630433889,40_9574,1772996160,1772996108,default
1772996013,1_2850,1_100089,2,1_540519649,1_8002433,1772997060,1772997060,default
1772996013,1_46505,1_102619,F Line,1_694489489,1_8003971,1772996340,1772996340,default
1772996013,1_280,40_100240,554,40_561777579,40_8004726,1772996093,1772996093,default
1772996013,1_1510,1_100005,106,1_762173409,1_7345,1772996133,1772996064,default
1772996013,1_52306,1_102619,F Line,1_635484509,1_8003970,1772996700,1772996700,default
1772996013,1_58112,1_102619,F Line,1_694488969,1_6239,1772996241,1772996240,default
1772996013,1_82187,1_100259,67,1_534516939,1_8103,1772996240,1772996157,default
1772996013,1_57804,1_100072,181,1_721611909,1_7468,1772996426,1772996615,default
1772996013,1_59282,1_100072,181,1_721611899,1_7493,1772996880,1772995912,default
1772996013,1_60428,1_100045,150,1_694483639,1_8135,1772996273,1772996192,default
1772996013,1_25791,1_100214,372,1_609398719,1_7415,1772995838,1772996313,default
1772996013,1_620,40_100239,550,40_630434169,40_9570,1772996520,1772996212,default
1772996013,1_10912,40_100511,542,40_569541779,40_8004689,1772996580,1772996580,default
1772996013,1_10912,1_100162,271,1_581655899,1_8004476,1772997540,1772997540,default
1772996013,1_10912,40_100511,542,40_569542219,40_8004690,1772998380,1772998380,default
1772996013,1_10640,1_100252,62,1_759774239,1_8026,1772996760,1772995309,default
1772996013,1_10640,1_100252,62,1_759774249,1_8029,1772997660,1772996101,default
1772996313,1_62212,1_102720,160,1_664526469,1_7163,1772996457,1772996298,default
1772996313,1_26560,1_102574,40,1_686399259,1_8250,1772996369,1772996298,default
1772996313,1_2850,1_100089,2,1_540519649,1_7033,1772997060,1772996155,default
1772996313,1_2850,1_100089,2,1_540519649,1_8002433,1772997060,1772997060,default
1772996313,1_46505,1_102619,F Line,1_694490469,1_8003967,1772997240,1772997240,default
1772996313,1_27420,1_100249,60,1_694001179,1_7112,1772995836,1772996406,default
1772996313,1_52306,1_102619,F Line,1_635484509,1_8003970,1772996700,1772996700,default
1772996313,1_52306,1_102719,161,1_693820119,1_8004011,1772997720,1772997720,default
1772996313,1_45670,1_100210,36,1_732726169,1_8003113,1772996484,1772996484,default
1772996313,1_65092,1_100162,271,1_720948629,1_8004478,1772997960,1772997960,default
1772996313,1_2200,1_100275,8,1_770758069,1_8032,1772996553,1772996523,default
1772996313,1_59282,1_100072,181,1_721611899,1_7493,1772996880,1772995912,default
1772996313,1_620,40_100240,554,40_774846459,40_9657,1772996520,1772996859,default
1772996313,1_10912,1_100162,271,1_581655899,1_8004476,1772997540,1772997540,default
1772996313,1_10912,40_100511,542,40_569542219,40_8004690,1772998380,1772998380,default
1772996313,1_10640,1_100252,62,1_759774239,1_8026,1772996760,1772995309,default
1772996313,1_10640,1_100252,62,1_759774249,1_8029,1772997660,1772996101,default
1772996313,1_52081,1_102736,H Line,1_636333119,1_6043,1772996636,1772996594,default
1772996313,1_25210,1_100259,67,1_534516829,1_8267,1772996439,1772996613,default
1772996613,1_103,1_102745,G Line,1_736364059,1_6401,1772996686,1772996661,default
1772996613,1_80692,1_100045,150,1_694483639,1_8135,1772996725,1772996679,default
1772996613,1_2850,1_100089,2,1_540519649,1_7033,1772997060,1772996155,default
1772996613,1_77910,1_102746,333,1_778673729,1_7212,1772996707,1772996606,default
1772996613,1_46505,1_102619,F Line,1_694490469,1_8003967,1772997240,1772997240,default
1772996613,1_1190,40_100239,550,40_630434169,40_9570,1772996929,1772996599,default
1772996613,1_27420,1_100249,60,1_694000839,1_7020,1772996736,1772996769,default
1772996613,1_81199,1_100072,181,1_721611909,1_7468,1772996685,1772996744,default
1772996613,1_52306,1_102719,161,1_693820119,1_7436,1772997720,1772996503,default
1772996613,1_52306,1_102619,F Line,1_635485999,1_8003974,1772997600,1772997600,default
1772996613,1_52306,1_102719,161,1_693820119,1_8004011,1772997720,1772997720,default
1772996613,1_99254,1_100045,150,1_694483509,1_8166,1772996800,1772996834,default
1772996613,1_99254,40_594,594,40_3088010,40_9306,1772996716,1772996848,default
1772996613,1_65092,1_100162,271,1_720948629,1_8004478,1772997960,1772997960,default
1772996613,1_59282,1_100072,181,1_721611899,1_7493,1772996880,1772995912,default
1772996613,1_59282,1_102717,165,1_664525329,1_7124,1772999220,1772996433,default
1772996613,1_23905,1_100214,372,1_609398739,1_7396,1772996819,1772996852,default
1772996613,1_620,40_100240,554,40_774846459,40_9657,1772996520,1772996882,default
1772996613,1_620,40_100239,550,40_561777929,40_9658,1772997420,1772997414,default
1772996613,1_10912,1_100162,271,1_581655899,1_8004476,1772997540,1772997540,default
1772996613,1_10912,40_100511,542,40_569542219,40_8004690,1772998380,1772998380,default
1772996613,1_71960,40_100511,542,40_597735119,40_8004679,1772997360,1772997360,default
1772996613,1_10640,1_100252,62,1_759774249,1_8029,1772997660,1772996101,default
1772996913,1_29217,1_100224,44,1_629475659,1_8209,1772996762,1772996932,default
1772996913,1_320,40_100239,550,40_561778529,40_9820,1772997060,1772997062,default
1772996913,1_575,1_102615,E Line,1_768670929,1_6101,1772996700,1772996976,default
1772996913,1_575,1_100089,2,1_540519729,1_7126,1772996580,1772997023,default
1772996913,1_2850,1_100089,2,1_540519649,1_7033,1772997060,1772996155,default
1772996913,1_46505,1_102619,F Line,1_694490469,1_8003967,1772997240,1772997240,default
1772996913,1_60477,1_100060,168,1_635482439,1_7315,1772996846,1772997041,default
1772996913,3_31002,40_560,560,40_2042010,40_41502,1772997034,1772997106,default
1772996913,1_52306,1_102719,161,1_693820119,1_7436,1772997720,1772996503,default
1772996913,1_52306,1_102619,F Line,1_635485999,1_8003974,1772997600,1772997600,default
1772996913,1_58112,1_102619,F Line,1_694489949,1_6284,1772997141,1772997041,default
1772996913,1_59282,1_102717,165,1_664525269,1_7428,1773010080,1773007440,default
1772996913,1_59282,1_100072,181,1_721611749,1_7071,1773009480,1773008543,default
1772996913,1_620,1_100045,150,1_694483699,1_8160,1773008940,1773008843,default
1772996913,1_620,40_100239,550,40_630433949,40_9820,1773009120,1773008915,default
1772996913,1_10912,1_100224,44,1_633999819,1_8216,1773009025,1773008893,default
1772996913,1_10912,40_100511,542,40_569541109,40_8004679,1773009180,1773009180,default
1772996913,1_10912,1_100162,271,1_581656199,1_8004476,1773010140,1773010140,default
1772996913,1_10912,40_100511,542,40_569541839,40_8004689,1773010980,1773010980,default
1772996913,1_10640,1_100252,62,1_759774379,1_8063,1773009360,1773007747,default
1772996913,1_71838,1_102753,222,1_774798619,1_7452,1773009125,1773008927,default
1773008923,1_4290,1_100219,4,1_761094419,1_7136,1773008993,1773008912,default
1773008923,1_8541,1_100263,7,1_650211369,1_8204,1773008820,1773008967,default
1773008923,1_575,1_102576,C Line,1_774718339,1_6248,1773008820,1773009010,default
1773008923,1_2850,1_100089,2,1_540520119,1_8002451,1773009660,1773009660,default
1773008923,1_46505,1_102619,F Line,1_635486049,1_8003974,1773009840,1773009840,default
1773008923,1_27420,23_102638,First Hill Streetcar,23_55296130,23_402,1773009060,1773008996,default
1773008923,1_73366,1_102701,225,1_694327369,1_7227,1773008882,1773009035,default
1773008923,1_52306,1_102619,F Line,1_635485839,1_8003967,1773009300,1773009300,default
1773008923,1_52306,1_102719,161,1_693820269,1_8004011,1773010380,1773010380,default
1773008923,1_8530,1_100263,7,1_650212269,1_8213,1773009073,1773009096,default
1773008923,1_58112,1_102619,F Line,1_635485019,1_6282,1773008976,1773009162,default
1773008923,1_45670,1_100210,36,1_732725859,1_7095,1773009084,1773009103,default
1773008923,1_57804,1_100072,181,1_721611769,1_7328,1773009139,1773009643,default
1773008923,1_59282,1_102717,165,1_664525269,1_7428,1773010080,1773007440,default
1773008923,1_59282,1_100072,181,1_721611749,1_7071,1773009480,1773008543,default
1773008923,1_10912,1_100162,271,1_581656199,1_8004476,1773010140,1773010140,default
1773008923,1_10912,40_100511,542,40_569541839,40_8004689,1773010980,1773010980,default
1773008923,1_71960,1_102752,223,1_766557489,1_7305,1773009360,1773009110,default
1773008923,1_10640,1_100252,62,1_759774379,1_8063,1773009360,1773007747,default
1773008923,1_10640,1_100252,62,1_759774389,1_8001,1773010320,1773009027,default
1773008923,1_10640,1_100252,62,1_759774389,1_8002759,1773010320,1773010320,default
1773009223,1_60161,1_100042,148,1_762160539,1_8004070,1773009900,1773009900,default
1773009223,1_575,1_100264,70,1_664213449,1_8218,1773009060,1773009284,default
1773009223,1_575,1_100173,3,1_761095269,1_7038,1773009120,1773009293,default
1773009223,1_2850,1_100089,2,1_540520119,1_7126,1773009660,1773008998,default
1773009223,1_2850,1_100089,2,1_540520119,1_8002451,1773009660,1773009660,default
1773009223,1_46505,1_102619,F Line,1_635486049,1_8003974,1773009840,1773009840,default
1773009223,1_52306,1_102719,161,1_693820269,1_8004011,1773010380,1773010380,default
1773009223,1_65092,1_100162,271,1_720948859,1_8004478,1773010560,1773010560,default
1773009223,1_57804,1_100072,181,1_721611769,1_7328,1773009139,1773009484,default
1773009223,1_59282,1_102717,165,1_664525269,1_7428,1773010080,1773007440,default
1773009223,1_59282,1_100072,181,1_721611749,1_7071,1773009480,1773008543,default
1773009223,1_85531,1_102757,187,1_762147389,1_7441,1773009480,1773009566,default
1773009223,1_70330,1_100146,255,1_547600069,1_6992,1773009478,1773009398,default
1773009223,1_59872,1_102619,F Line,1_635485269,1_6284,1773009498,1773009527,default
1773009223,1_620,40_100239,550,40_561777999,40_9814,1773010020,1773010001,default
1773009223,1_10912,1_100162,271,1_581656199,1_8004476,1773010140,1773010140,default
1773009223,1_10912,40_100511,542,40_569541839,40_8004689,1773010980,1773010980,default
1773009223,1_71960,40_100511,542,40_597736589,40_8004680,1773009960,1773009960,default
1773009223,1_10640,1_100252,62,1_759774389,1_8001,1773010320,1773009027,default
1773009523,1_60161,1_100042,148,1_762160539,1_3724,1773009900,1773009389,default
1773009523,1_60161,1_100042,148,1_762160539,1_8004070,1773009900,1773009900,default
1773009523,1_8541,1_100263,7,1_650211379,1_8223,1773009480,1773009554,default
1773009523,1_575,1_102576,C Line,1_774718239,1_6266,1773009720,1773009621,default
1773009523,1_2850,1_100089,2,1_540520119,1_7126,1773009660,1773008998,default
1773009523,1_46505,1_102619,F Line,1_635486049,1_8003974,1773009840,1773009840,default
1773009523,1_1190,40_100239,550,40_630433949,40_8004699,1773009529,1773009598,default
1773009523,1_23530,1_100259,67,1_534523379,1_8199,1773009255,1773009604,default
1773009523,1_77460,1_102746,333,1_778673239,1_7238,1773009357,1773009619,default
1773009523,1_1510,1_100005,106,1_762173779,1_8004023,1773009633,1773009336,default
1773009523,1_52306,1_102619,F Line,1_635483959,1_8003968,1773010200,1773010200,default
1773009523,1_52306,1_102719,161,1_693820269,1_8004011,1773010380,1773010380,default
1773009523,1_45670,1_100210,36,1_732725789,1_8003113,1773009684,1773009697,default
1773009523,1_65092,1_100162,271,1_720948859,1_7362,1773010560,1773009364,default
1773009523,1_59282,1_102717,165,1_664525269,1_7428,1773010080,1773007440,default
1773009523,1_7690,1_102615,E Line,1_585649479,1_6209,1773009845,1773009739,default
1773009523,1_620,40_100239,550,40_561777999,40_8004701,1773010020,1773009856,default
1773009523,1_620,40_100236,545,40_347631209,40_8004686,1773009720,1773009876,default
1773009523,1_620,40_100239,550,40_561777999,40_9814,1773010020,1773009888,default
1773009523,1_10912,1_100162,271,1_581656199,1_8004476,1773010140,1773010140,default
1773009523,1_10912,40_100511,542,40_569541839,40_8004689,1773010980,1773010980,default
1773009523,1_71960,40_100511,542,40_597736589,40_8004680,1773009960,1773009960,default
1773009523,1_10640,1_100252,62,1_759774389,1_8001,1773010320,1773009027,default
1773009523,1_8403,1_100039,14,1_727453789,1_7002,1773009840,1773009828,default
1773009823,1_46791,1_100016,118,1_635476439,1_8003980,1773009960,1773009985,default
1773009823,1_481,1_102736,H Line,1_636333279,1_6072,1773009360,1773009857,default
1773009823,1_6650,1_102747,61,1_737226569,1_3736,1773009543,1773009849,default
1773009823,1_60161,1_100042,148,1_762160539,1_3724,1773009900,1773009389,default
1773009823,1_575,1_100210,36,1_732725829,1_8003114,1773009900,1773009743,default
1773009823,1_46505,1_102619,F Line,1_656301679,1_8003969,1773010740,1773010740,default
1773009823,1_52306,1_102619,F Line,1_635483959,1_8003968,1773010200,1773010200,default
1773009823,1_52306,1_102719,161,1_693820269,1_8004011,1773010380,1773010380,default
1773009823,1_70665,1_102704,250,1_720951769,1_7306,1773009822,1773009996,default
1773009823,1_65092,1_100162,271,1_720948859,1_7362,1773010560,1773009364,default
1773009823,1_49730,1_100031,132,1_651737199,1_8051,1773010021,1773009974,default
1773009823,1_59282,1_102717,165,1_664525269,1_7428,1773010080,1773007440,default
1773009823,1_10912,1_100162,271,1_581656199,1_8004476,1773010140,1773010140,default
1773009823,1_10912,40_100511,542,40_569541839,40_8004689,1773010980,1773010980,default
1773009823,1_10912,1_100162,271,1_581655939,1_8004479,1773011940,1773011940,default
1773009823,1_10912,40_100511,542,40_569542849,40_8004690,1773012780,1773012780,default
1773009823,1_10640,1_100252,62,1_759774389,1_8001,1773010320,1773009027,default
1773009823,1_10640,1_100252,62,1_759774399,1_8053,1773011220,1773009932,default
1773009823,1_10640,1_100252,62,1_759774399,1_8002754,1773011220,1773011220,default
1773010123,1_8541,1_100263,7,1_650211389,1_8291,1773010200,1773010179,default
1773010123,1_320,40_594,594,40_3682010,40_9714,1773010380,1773010315,default
1773010123,1_46505,1_102619,F Line,1_656301679,1_8003969,1773010740,1773010740,default
1773010123,1_27420,23_102638,First Hill Streetcar,23_55296131,23_404,1773010260,1773010227,default
1773010123,1_1510,1_100005,106,1_762173739,1_7198,1773010533,1773010144,default
1773010123,1_52306,1_102719,161,1_693820269,1_8004011,1773010380,1773010380,default
1773010123,1_45670,1_100210,36,1_732726559,1_8003109,1773010284,1773010284,default
1773010123,1_65092,1_100162,271,1_720948859,1_7362,1773010560,1773009364,default
1773010123,1_54201,1_102619,F Line,1_635485839,1_6289,1773010119,1773010328,default
1773010123,1_55831,1_100005,106,1_762173749,1_7113,1773010448,1773010316,default
1773010123,1_10912,1_100224,44,1_629475799,1_8231,1773010465,1773010393,default
1773010123,1_10912,40_100511,542,40_569541839,40_8004689,1773010980,1773010980,default
1773010123,1_10912,1_100162,271,1_581655939,1_8004479,1773011940,1773011940,default
1773010123,1_10912,40_100511,542,40_569542849,40_8004690,1773012780,1773012780,default
1773010123,1_10640,1_100252,62,1_759774399,1_8053,1773011220,1773009932,default
1773010123,1_3000,1_100089,2,1_540520119,1_7126,1773010142,1773010405,default
1773010423,1_80692,1_100045,150,1_694482629,1_6979,1773010323,1773010490,default
1773010423,1_2850,1_100089,2,1_540520109,1_8002433,1773011460,1773011460,default
1773010423,1_46505,1_102619,F Line,1_656301679,1_8003969,1773010740,1773010740,default
1773010423,1_280,40_100240,554,40_561777269,40_8004722,1773010313,1773010528,default
1773010423,1_52306,1_102619,F Line,1_635485049,1_8003979,1773011100,1773011100,default
1773010423,1_57350,1_102720,160,1_664526369,1_7177,1773010140,1773010599,default
1773010423,1_40065,1_102574,40,1_778670309,1_8261,1773010601,1773010561,default
1773010423,1_59282,1_100072,181,1_721611689,1_8003986,1773011280,1773011280,default
1773010423,1_45230,1_100133,240,1_787226899,1_7344,1773010684,1773010624,default
1773010423,1_620,40_100239,550,40_630433959,40_9570,1773010920,1773011139,default
1773010423,1_10912,40_100511,542,40_569541839,40_9679,1773010980,1773010387,default
1773010423,1_10912,1_100214,372,1_609399069,1_7481,1773010593,1773010691,default
1773010423,1_10912,1_100162,271,1_581655939,1_8004479,1773011940,1773011940,default
1773010423,1_10912,40_100511,542,40_569542849,40_8004690,1773012780,1773012780,default
1773010423,1_10640,1_100252,62,1_759774399,1_8053,1773011220,1773009932,default
1773010723,1_2850,1_100089,2,1_540520109,1_8002433,1773011460,1773011460,default
1773010723,1_46505,1_102619,F Line,1_656302659,1_8003972,1773011640,1773011640,default
1773010723,1_89990,29_130,130,29_14645841__MCOB-DO:113:6:Sunday:1:25SEP:41018:1234567,29_15114,1773010800,1773010796,default
1773010723,1_27420,1_100249,60,1_694000579,1_7102,1773010236,1773010842,default
1773010723,1_58342,1_100072,181,1_721611749,1_7071,1773010860,1773010775,default
1773010723,1_52306,1_102619,F Line,1_635485049,1_8003979,1773011100,1773011100,default
1773010723,1_52306,1_102719,161,1_693820109,1_8004037,1773012180,1773012180,default
1773010723,1_2200,1_100275,8,1_693984319,1_8032,1773010953,1773010198,default
1773010723,1_57804,1_100072,181,1_721611759,1_7476,1773010882,1773011108,default
1773010723,1_59282,1_100072,181,1_721611689,1_7328,1773011280,1773010819,default
1773010723,1_59282,1_100072,181,1_721611689,1_8003986,1773011280,1773011280,default
1773010723,1_620,40_100240,554,40_774846769,40_9580,1773010980,1773011172,default
1773010723,1_10912,1_100447,49,1_650208029,1_8002449,1773010770,1773010998,default
1773010723,1_10912,1_100162,271,1_581655939,1_8004479,1773011940,1773011940,default
1773010723,1_10912,40_100511,542,40_569542849,40_8004690,1773012780,1773012780,default
1773010723,1_71960,1_102752,223,1_766557499,1_7240,1773011160,1773010997,default
1773010723,1_10640,1_100252,62,1_759774399,1_8053,1773011220,1773009932,default
1773010723,1_10640,1_100252,62,1_759774409,1_8002790,1773012120,1773012120,default
1773012596,1_320,40_100240,554,40_561776239,40_9568,1773012240,1773012693,default
1773012596,1_2850,1_100089,2,1_540520129,1_8002453,1773013260,1773013260,default
1773012596,1_46505,1_102619,F Line,1_635485849,1_8003967,1773013440,1773013440,default
1773012596,1_58342,1_100072,181,1_721611689,1_7328,1773012660,1773012628,default
1773012596,1_52306,1_102619,F Line,1_635484589,1_8003970,1773012900,1773012900,default
1773012596,1_52306,1_102719,161,1_693819319,1_8004038,1773013920,1773013920,default
1773012596,1_8530,1_100005,106,1_762173759,1_7148,1773012917,1773012648,default
1773012596,1_8530,1_100263,7,1_650212319,1_8238,1773012673,1773012725,default
1773012596,1_59282,1_102717,165,1_664525249,1_7453,1773013680,1773011321,default
1773012596,1_59282,1_100072,181,1_721611719,1_7476,1773013080,1773012366,default
1773012596,1_60710,1_100512,A Line,1_721612929,1_6272,1773012645,1773012750,default
1773012596,1_620,40_100240,554,40_774846399,40_9801,1773012780,1773013024,default
1773012596,1_10912,40_100511,542,40_569542849,40_8004690,1773012780,1773012780,default
1773012596,1_10912,40_100511,542,40_569542849,40_9663,1773012780,1773012780,default
1773012596,1_10912,1_100162,271,1_581656209,1_8004487,1773013740,1773013740,default
1773012596,1_10912,40_100511,542,40_569542619,40_8004680,1773014580,1773014580,default
1773012596,1_10640,1_100252,62,1_759774419,1_8068,1773013020,1773011596,default
1773012596,1_10640,1_100252,62,1_759774429,1_8002757,1773013920,1773013920,default
1773012896,1_60161,1_100042,148,1_762160359,1_8004020,1773013500,1773013500,default
1773012896,1_2850,1_100089,2,1_540520129,1_7137,1773013260,1773012632,default
1773012896,1_46505,1_102619,F Line,1_635485849,1_6289,1773013440,1773012601,default
1773012896,1_27420,1_100161,27,1_685907049,1_7036,1773012935,1773012995,default
1773012896,1_3470,1_100249,60,1_694000529,1_7174,1773013140,1773012957,default
1773012896,1_52306,1_102719,161,1_693819319,1_8004038,1773013920,1773013920,default
1773012896,1_99254,1_100045,150,1_694483459,1_8179,1773013120,1773013081,default
1773012896,1_71970,1_102752,223,1_825177019,1_7240,1773012908,1773013024,default
1773012896,1_57804,1_100072,181,1_721611679,1_7493,1773012682,1773013276,default
1773012896,1_59282,1_102717,165,1_664525249,1_7453,1773013680,1773011321,default
1773012896,1_59282,1_100072,181,1_721611719,1_7476,1773013080,1773012366,default
1773012896,1_85531,1_102757,187,1_762147359,1_7441,1773013020,1773013035,default
1773012896,1_620,40_100240,554,40_774846399,40_9801,1773012780,1773013125,default
1773012896,1_620,40_100239,550,40_561779309,40_9674,1773013620,1773013548,default
1773012896,1_10912,1_100162,271,1_581656209,1_8004487,1773013740,1773013740,default
1773012896,1_10912,40_100511,542,40_569542619,40_8004680,1773014580,1773014580,default
1773012896,1_71960,40_100511,542,40_597735809,40_9679,1773013560,1773013560,default
1773012896,1_71960,40_100511,542,40_597735809,40_8004689,1773013560,1773013560,default
1773012896,1_10640,1_100252,62,1_759774429,1_8084,1773013920,1773012730,default
1773013196,1_481,1_102736,H Line,1_636333319,1_6043,1773012960,1773013199,default
1773013196,1_60161,1_100042,148,1_762160359,1_8004020,1773013500,1773013500,default
1773013196,1_8541,1_100263,7,1_650211429,1_8202,1773013080,1773013254,default
1773013196,1_2850,1_100089,2,1_540520129,1_7137,1773013260,1773012632,default
1773013196,1_46505,1_102619,F Line,1_635485849,1_6289,1773013440,1773012601,default
1773013196,1_75143,1_102746,333,1_778673919,1_7238,1773013259,1773013220,default
1773013196,1_52306,1_102619,F Line,1_635486079,1_8003974,1773013800,1773013800,default
1773013196,1_52306,1_102719,161,1_693819319,1_8004038,1773013920,1773013920,default
1773013196,1_99254,40_594,594,40_838010,40_61406,1773012916,1773013408,default
1773013196,1_45670,1_100210,36,1_732725889,1_8003111,1773013284,1773013310,default
1773013196,1_70665,1_100136,245,1_761772549,1_7364,1773013356,1773013306,default
1773013196,1_65092,1_100162,271,1_720948869,1_7356,1773014220,1773012767,default
1773013196,1_9605,1_100259,67,1_534516109,1_8199,1773013320,1773013320,default
1773013196,1_59282,1_102717,165,1_664525249,1_7453,1773013680,1773011321,default
1773013196,1_60710,1_100512,A Line,1_721612909,1_6011,1773013365,1773013286,default
1773013196,1_57791,1_102718,184,1_635477689,1_7393,1773013463,1773013450,default
1773013196,1_620,1_100045,150,1_694483459,1_8179,1773013500,1773013303,default
1773013196,1_620,40_100239,550,40_561779309,40_9674,1773013620,1773013360,default
1773013196,1_620,40_100236,545,40_347631379,40_8004682,1773013320,1773013469,default
1773013196,1_10912,1_100447,49,1_650208049,1_8002450,1773013170,1773013375,default
1773013196,1_10912,1_100162,271,1_581656209,1_8004487,1773013740,1773013740,default
1773013196,1_10912,40_100511,542,40_569542619,40_8004680,1773014580,1773014580,default
1773013196,1_71960,40_100511,542,40_597735809,40_9679,1773013560,1773012994,default
1773013196,1_10640,1_100252,62,1_759774429,1_8084,1773013920,1773012730,default
1773013196,1_8403,1_100039,14,1_727454679,1_7128,1773013380,1773013382,default
1773013496,1_320,40_100239,550,40_561778049,40_9570,1773013320,1773013575,default
1773013496,1_320,40_594,594,40_711010,40_9739,1773013980,1773013644,default
1773013496,1_46505,1_102619,F Line,1_635483969,1_8003968,1773014340,1773014340,default
1773013496,1_81199,1_100072,181,1_721611679,1_7493,1773012945,1773013587,default
1773013496,1_52306,1_102619,F Line,1_635486079,1_8003974,1773013800,1773013800,default
1773013496,1_52306,1_102719,161,1_693819319,1_8004038,1773013920,1773013920,default
1773013496,1_2970,1_100089,2,1_540520129,1_7137,1773013604,1773013555,default
1773013496,1_65092,1_100162,271,1_720948869,1_7356,1773014220,1773012767,default
1773013496,1_74400,1_100146,255,1_547600089,1_6890,1773013742,1773013542,default
1773013496,1_59282,1_102717,165,1_664525249,1_7453,1773013680,1773011321,default
1773013496,1_10210,1_100264,70,1_664213349,1_6208,1773013619,1773013682,default
1773013496,1_620,40_100236,545,40_347631379,40_8004682,1773013320,1773013769,default
1773013496,1_10912,1_100264,70,1_664213329,1_8212,1773013645,1773013672,default
1773013496,1_10912,1_100162,271,1_581656209,1_8004487,1773013740,1773013740,default
1773013496,1_10912,40_100511,542,40_569542619,40_8004680,1773014580,1773014580,default
1773013496,1_10912,1_100162,271,1_581655949,1_8004486,1773015600,1773015600,default
1773013496,1_10912,40_100511,542,40_569541189,40_8004679,1773016320,1773016320,default
1773013496,1_10640,1_100252,62,1_759774429,1_8084,1773013920,1773012730,default
1773013496,1_10640,1_100252,62,1_759774439,1_8002761,1773014820,1773014820,default
1773013496,1_68400,1_100136,245,1_761772229,1_7374,1773013711,1773013614,default
